id,first_name,last_name,email,gender,ip_address
1,Chiquita,Blackham,cblackham0@sciencedaily.com,Female,199.11.254.181
2,Marcia,Hazeley,mhazeley1@acquirethisname.com,Female,167.19.247.187
3,Madge,Iannazzi,miannazzi2@mit.edu,Female,175.2.28.68
4,Iain,Gorcke,igorcke3@4shared.com,Male,138.247.183.11
5,Farly,Effnert,feffnert4@networkadvertising.org,Male,6.91.233.22
6,Stanton,Andrea,sandrea5@list-manage.com,Male,111.180.6.255
7,Valle,Rizzello,vrizzello6@is.gd,Male,182.113.248.243
8,Karlotta,Leveridge,kleveridge7@imageshack.us,Female,188.211.83.72
9,Hailee,McKerlie,hmckerlie8@patch.com,Female,249.78.139.167
10,Earle,Danilovitch,edanilovitch9@wikimedia.org,Male,251.223.17.157
11,Letizia,Ferreres,lferreresa@amazon.de,Polygender,238.152.251.91
12,Christi,Itzhak,citzhakb@ucla.edu,Female,73.59.141.233
13,Arlee,Hadwin,ahadwinc@homestead.com,Female,149.92.255.199
14,Olvan,Mergue,omergued@rambler.ru,Male,138.164.116.234
15,Ralf,Glavin,rglavine@amazon.co.uk,Male,236.222.104.40
16,Catina,Pyzer,cpyzerf@ifeng.com,Female,219.97.148.64
17,Danice,Haibel,dhaibelg@is.gd,Female,49.90.146.186
18,Ursulina,Quarrell,uquarrellh@opensource.org,Female,225.151.8.205
19,Gonzales,Daniel,gdanieli@plala.or.jp,Male,30.193.92.113
20,Shelton,Swapp,sswappj@smh.com.au,Male,16.144.95.45
21,Debra,Pitkeathley,dpitkeathleyk@microsoft.com,Female,54.22.178.22
22,Rufe,Clooney,rclooneyl@nps.gov,Male,122.56.126.176
23,Page,Daniel,pdanielm@hp.com,Female,174.28.122.252
24,Brooke,Ivashev,bivashevn@is.gd,Female,171.248.29.161
25,Ruddie,Gate,rgateo@chicagotribune.com,Male,217.251.227.119
26,Jessa,Hanratty,jhanrattyp@marketwatch.com,Female,12.45.167.5
27,Camala,McMichael,cmcmichaelq@amazonaws.com,Female,185.200.62.174
28,Hermione,Storror,hstorrorr@cnn.com,Female,38.202.106.3
29,Taryn,Berni,tbernis@wikia.com,Female,180.249.39.185
30,Alvera,Elster,aelstert@twitter.com,Female,12.187.3.161
31,Pyotr,Wickham,pwickhamu@netlog.com,Male,121.27.226.3
32,Elisha,Duckworth,educkworthv@weather.com,Male,75.215.247.116
33,Crystal,Harmstone,charmstonew@edublogs.org,Female,85.146.81.108
34,Avram,Dobsons,adobsonsx@bloomberg.com,Male,89.247.253.107
35,Etty,Braunter,ebrauntery@freewebs.com,Female,15.151.110.195
36,Lauraine,Firebrace,lfirebracez@engadget.com,Female,122.223.243.241
37,Josefina,Matura,jmatura10@java.com,Genderfluid,81.160.74.225
38,Tina,Rakes,trakes11@addthis.com,Agender,50.233.103.83
39,Maurizio,Chese,mchese12@list-manage.com,Male,28.100.171.8
40,Fletch,Gogarty,fgogarty13@chicagotribune.com,Male,179.102.140.138
41,Stefa,Niccolls,sniccolls14@oaic.gov.au,Female,13.13.125.99
42,Lola,Newsham,lnewsham15@prlog.org,Female,248.100.27.35
43,Eldredge,Yakubowicz,eyakubowicz16@uiuc.edu,Male,184.56.220.5
44,Dick,Tumber,dtumber17@geocities.com,Agender,114.95.234.180
45,Freedman,Hasel,fhasel18@columbia.edu,Male,117.175.246.61
46,Israel,Sturridge,isturridge19@alexa.com,Male,130.47.199.248
47,Levey,Harrell,lharrell1a@adobe.com,Male,50.201.123.16
48,Caryl,Thieme,cthieme1b@miitbeian.gov.cn,Male,232.81.50.189
49,Maure,Ferreli,mferreli1c@pen.io,Female,36.249.245.196
50,Jessey,Reiach,jreiach1d@arizona.edu,Male,166.67.173.17
51,Tommi,Petrulis,tpetrulis1e@issuu.com,Female,222.3.112.141
52,Lyssa,Colbridge,lcolbridge1f@dell.com,Female,48.183.91.183
53,Wilmar,Holehouse,wholehouse1g@sfgate.com,Male,166.16.213.37
54,Stavros,Tompion,stompion1h@bigcartel.com,Male,141.102.46.239
55,Liane,Dutton,ldutton1i@sina.com.cn,Female,202.140.202.141
56,Elli,McVeigh,emcveigh1j@amazon.com,Female,216.254.39.176
57,Bernardo,Hardie,bhardie1k@bizjournals.com,Male,119.54.96.22
58,Jaymie,Paoletto,jpaoletto1l@clickbank.net,Male,240.237.186.28
59,Abby,Cadlock,acadlock1m@stanford.edu,Genderqueer,96.246.229.45
60,Tera,Wyllie,twyllie1n@hostgator.com,Female,218.28.129.55
61,Lanie,Gudgin,lgudgin1o@nbcnews.com,Male,211.196.174.122
62,Del,Blockey,dblockey1p@cbslocal.com,Male,71.29.235.71
63,Porty,Scragg,pscragg1q@blogspot.com,Male,242.168.120.27
64,Vinnie,Renzullo,vrenzullo1r@goo.gl,Male,236.134.10.109
65,Farah,Villalta,fvillalta1s@unblog.fr,Female,112.111.20.137
66,Adel,Nickoll,anickoll1t@studiopress.com,Female,127.229.165.210
67,Agna,Wilsey,awilsey1u@merriam-webster.com,Female,29.61.197.184
68,Ruddy,Reilinger,rreilinger1v@economist.com,Male,159.34.244.3
69,Emalee,Gerrelts,egerrelts1w@mapquest.com,Female,68.162.67.64
70,Joelly,Evelyn,jevelyn1x@livejournal.com,Female,81.169.8.153
71,Cassius,Hebborn,chebborn1y@go.com,Male,255.104.164.22
72,Yolane,Sharvell,ysharvell1z@de.vu,Female,106.48.227.70
73,Carly,Jaukovic,cjaukovic20@scribd.com,Bigender,110.92.30.224
74,Griffy,Bloom,gbloom21@edublogs.org,Male,57.248.143.239
75,Orsola,Pullan,opullan22@businesswire.com,Female,149.71.83.153
76,Mackenzie,Cardillo,mcardillo23@bandcamp.com,Male,98.40.132.12
77,Giacopo,Bergstrand,gbergstrand24@infoseek.co.jp,Male,220.181.146.56
78,Luther,Duddan,lduddan25@lulu.com,Male,87.232.29.14
79,Carlee,Gynne,cgynne26@upenn.edu,Female,30.151.89.164
80,Dunn,Snoxill,dsnoxill27@myspace.com,Male,106.220.39.25
81,Minor,Colleran,mcolleran28@gnu.org,Male,225.205.69.154
82,Eduard,Craigg,ecraigg29@w3.org,Agender,147.74.6.24
83,Greta,Tydd,gtydd2a@miitbeian.gov.cn,Female,221.27.204.107
84,Marni,Pirot,mpirot2b@scribd.com,Female,4.197.183.83
85,Lin,Gillon,lgillon2c@rediff.com,Male,29.43.80.239
86,Geneva,Robrose,grobrose2d@loc.gov,Female,201.244.147.87
87,Blane,Waggatt,bwaggatt2e@furl.net,Male,32.227.0.159
88,Beniamino,Mattek,bmattek2f@miibeian.gov.cn,Male,188.184.201.95
89,Lacey,Lailey,llailey2g@tinyurl.com,Bigender,92.151.84.242
90,Ezri,Learmont,elearmont2h@multiply.com,Male,51.69.141.112
91,Raleigh,Varvell,rvarvell2i@livejournal.com,Male,228.211.237.14
92,Kenneth,Hofer,khofer2j@ucoz.ru,Male,217.103.190.99
93,Jacquette,Crimpe,jcrimpe2k@altervista.org,Female,199.77.171.237
94,Daron,Heinssen,dheinssen2l@goo.ne.jp,Male,223.251.253.153
95,Siegfried,Yearron,syearron2m@altervista.org,Male,45.171.155.34
96,Margo,Vanyukov,mvanyukov2n@msu.edu,Agender,71.162.249.140
97,Marchall,Meriet,mmeriet2o@artisteer.com,Male,117.120.131.211
98,Rochella,Frome,rfrome2p@umn.edu,Female,113.161.195.43
99,Stanislaw,Rivallant,srivallant2q@house.gov,Male,179.218.119.59
100,Arlyn,Kerbey,akerbey2r@miibeian.gov.cn,Female,99.80.3.225
101,Sollie,Speke,sspeke2s@alibaba.com,Male,20.80.72.194
102,Aube,Belchem,abelchem2t@yellowpages.com,Male,246.217.166.52
103,Mattias,Kleinstub,mkleinstub2u@tumblr.com,Male,188.28.214.221
104,Leo,O'Geneay,logeneay2v@vkontakte.ru,Bigender,225.250.68.107
105,Dorette,Acedo,dacedo2w@blogspot.com,Female,154.207.124.210
106,Cory,Nicklinson,cnicklinson2x@yellowbook.com,Female,164.223.187.71
107,Emile,Lindberg,elindberg2y@technorati.com,Male,222.252.195.15
108,Rollin,Rowlin,rrowlin2z@shop-pro.jp,Male,67.46.19.91
109,Oliver,Roderham,oroderham30@home.pl,Male,58.94.135.91
110,Tanner,Appleby,tappleby31@java.com,Male,144.239.138.134
111,Esme,Catterson,ecatterson32@hugedomains.com,Female,5.96.211.209
112,Waverley,Passie,wpassie33@goo.ne.jp,Male,81.75.77.204
113,Merissa,McKinnon,mmckinnon34@walmart.com,Female,181.12.58.8
114,Nobe,Gammel,ngammel35@themeforest.net,Male,206.221.40.50
115,Mitchell,Di Francesco,mdifrancesco36@moonfruit.com,Agender,147.128.245.9
116,Tabina,Frayn,tfrayn37@hexun.com,Female,57.92.12.74
117,Georgie,Beetlestone,gbeetlestone38@aol.com,Female,168.213.215.98
118,Millie,Thibodeaux,mthibodeaux39@symantec.com,Female,231.44.233.143
119,Annora,Rappaport,arappaport3a@mit.edu,Female,131.26.231.10
120,Siana,Kenney,skenney3b@netvibes.com,Female,104.213.250.69
121,Wait,Lassell,wlassell3c@bbc.co.uk,Male,191.66.58.64
122,Celisse,Minigo,cminigo3d@icq.com,Polygender,17.146.134.179
123,Rockwell,Sawyers,rsawyers3e@mail.ru,Male,26.66.170.228
124,Amos,Epine,aepine3f@123-reg.co.uk,Male,118.53.182.254
125,Alica,Halleybone,ahalleybone3g@columbia.edu,Female,120.101.196.116
126,Courtnay,Sennett,csennett3h@mail.ru,Female,210.220.31.196
127,Germain,Sawl,gsawl3i@webeden.co.uk,Polygender,133.44.71.187
128,Tova,Somersett,tsomersett3j@php.net,Female,26.149.35.161
129,Tyler,Dillon,tdillon3k@oakley.com,Male,68.67.154.5
130,Phillipp,McLice,pmclice3l@shutterfly.com,Male,42.134.100.110
131,Torrey,Crown,tcrown3m@bigcartel.com,Male,23.169.177.204
132,Lesya,Collymore,lcollymore3n@hp.com,Female,194.23.219.117
133,Rutter,Dundendale,rdundendale3o@google.com.hk,Male,109.152.154.36
134,Anissa,Benning,abenning3p@elpais.com,Female,191.85.52.40
135,Carmelina,Fontes,cfontes3q@wufoo.com,Female,75.197.125.6
136,Dulcia,Mulheron,dmulheron3r@sphinn.com,Female,81.177.103.165
137,Tailor,Tilney,ttilney3s@indiegogo.com,Male,62.181.78.50
138,Kathryne,Le Pruvost,klepruvost3t@goodreads.com,Female,70.150.241.167
139,Karney,Accum,kaccum3u@tripadvisor.com,Non-binary,217.63.70.1
140,Alford,Gerrad,agerrad3v@wikispaces.com,Male,7.235.187.216
141,Emiline,Limbourne,elimbourne3w@msu.edu,Female,51.55.250.22
142,Waring,Fleg,wfleg3x@earthlink.net,Bigender,74.51.188.161
143,Tiffy,Lefwich,tlefwich3y@xrea.com,Female,86.188.13.35
144,Mindy,McInnerny,mmcinnerny3z@un.org,Female,70.138.246.3
145,Sidoney,Ferro,sferro40@joomla.org,Female,225.188.59.5
146,Gil,McGaugie,gmcgaugie41@bbc.co.uk,Male,135.4.56.3
147,Quent,Leatherborrow,qleatherborrow42@acquirethisname.com,Agender,61.117.48.89
148,Alverta,Luty,aluty43@baidu.com,Female,206.77.70.229
149,Alejandra,Engledow,aengledow44@360.cn,Female,127.150.69.247
150,Tammara,Coxhead,tcoxhead45@google.co.jp,Female,85.12.78.92
151,Humbert,Ivanchikov,hivanchikov46@newyorker.com,Male,45.142.240.70
152,Owen,Windows,owindows47@delicious.com,Male,52.94.206.33
153,Wendel,Aitkin,waitkin48@mail.ru,Male,223.239.231.185
154,Vanda,Playdon,vplaydon49@bloglovin.com,Female,17.53.147.47
155,Rupert,Henniger,rhenniger4a@nytimes.com,Male,80.69.150.164
156,Leicester,Boyce,lboyce4b@moonfruit.com,Male,207.11.45.126
157,Tiffanie,Fosserd,tfosserd4c@businesswire.com,Female,197.255.191.174
158,Rodger,Todd,rtodd4d@plala.or.jp,Male,189.173.9.167
159,Stacie,Whitebrook,swhitebrook4e@parallels.com,Female,201.180.205.205
160,Madelina,Itzkovsky,mitzkovsky4f@issuu.com,Bigender,28.246.232.56
161,Mohammed,Teasdale,mteasdale4g@ted.com,Male,100.100.65.199
162,Oswell,O'Roan,ooroan4h@etsy.com,Male,251.144.143.195
163,Merlina,Rope,mrope4i@canalblog.com,Female,138.59.62.155
164,Dani,Dellar,ddellar4j@hugedomains.com,Male,255.32.148.54
165,Roxy,Edgerly,redgerly4k@odnoklassniki.ru,Female,48.78.120.44
166,Xylia,Badland,xbadland4l@unesco.org,Female,96.201.124.232
167,Gilbertine,Kienzle,gkienzle4m@huffingtonpost.com,Female,120.47.142.50
168,Fidelia,Revey,frevey4n@flickr.com,Female,212.242.247.38
169,Ulysses,Vassano,uvassano4o@addthis.com,Male,117.34.244.55
170,Madelle,Ryland,mryland4p@multiply.com,Genderfluid,52.18.112.103
171,Romeo,Ridsdale,rridsdale4q@ovh.net,Male,207.80.6.58
172,Carrissa,Dowzell,cdowzell4r@goo.ne.jp,Genderqueer,211.110.175.106
173,Reuben,Vale,rvale4s@paypal.com,Male,76.84.73.246
174,Barn,Feltoe,bfeltoe4t@networkadvertising.org,Male,130.14.214.168
175,Valeria,Conneely,vconneely4u@washington.edu,Female,225.78.127.31
176,Borden,Maun,bmaun4v@godaddy.com,Male,211.43.123.96
177,Giustino,Redborn,gredborn4w@canalblog.com,Male,63.211.182.208
178,Ayn,Alner,aalner4x@artisteer.com,Female,235.5.60.207
179,Keen,Pechold,kpechold4y@feedburner.com,Male,110.161.22.161
180,Ammamaria,Clemas,aclemas4z@lycos.com,Female,179.170.135.178
181,Eloisa,Templeman,etempleman50@taobao.com,Female,176.169.230.183
182,Vlad,Kelshaw,vkelshaw51@tinyurl.com,Male,244.164.12.156
183,Patrica,Ginnally,pginnally52@imageshack.us,Female,120.104.67.240
184,Drusy,Mallord,dmallord53@barnesandnoble.com,Female,71.161.99.35
185,Duncan,Morrieson,dmorrieson54@dagondesign.com,Male,14.93.43.146
186,Jolene,Ubsdall,jubsdall55@a8.net,Female,48.145.74.168
187,Adham,Oxbe,aoxbe56@ask.com,Male,64.59.37.50
188,Danna,Sharer,dsharer57@parallels.com,Female,74.39.26.122
189,Huntlee,Windless,hwindless58@examiner.com,Male,81.214.42.107
190,Tish,Paulillo,tpaulillo59@ebay.com,Female,22.92.248.180
191,Genny,Lattos,glattos5a@uol.com.br,Female,87.6.163.96
192,Daria,Benitez,dbenitez5b@miitbeian.gov.cn,Genderfluid,233.88.68.209
193,Tommy,Richford,trichford5c@yale.edu,Female,205.49.35.149
194,Karla,Chastanet,kchastanet5d@mit.edu,Female,161.194.199.117
195,Montague,Upcott,mupcott5e@canalblog.com,Male,187.88.188.129
196,Colette,Sall,csall5f@addtoany.com,Female,25.218.100.20
197,Frasco,Farens,ffarens5g@dion.ne.jp,Male,90.170.111.165
198,Kean,Boundy,kboundy5h@wikimedia.org,Male,105.135.26.231
199,Panchito,Calloway,pcalloway5i@wikimedia.org,Male,13.55.26.75
200,Fanny,Aldred,faldred5j@ihg.com,Female,189.27.138.31
201,Ase,Snedden,asnedden5k@storify.com,Male,201.142.5.33
202,Anselm,Sadry,asadry5l@upenn.edu,Male,218.217.248.147
203,Brunhilde,Sellack,bsellack5m@godaddy.com,Female,221.161.50.99
204,Isabelle,Noar,inoar5n@google.pl,Female,162.102.176.244
205,Peder,Shillingford,pshillingford5o@irs.gov,Male,193.232.198.4
206,Jethro,Jozsika,jjozsika5p@senate.gov,Male,103.164.111.144
207,Mauricio,Barti,mbarti5q@patch.com,Male,223.93.136.238
208,Torrin,Pendlenton,tpendlenton5r@sciencedaily.com,Male,229.16.102.69
209,Wendy,Moulsdale,wmoulsdale5s@netvibes.com,Female,80.4.116.205
210,Jere,Cromblehome,jcromblehome5t@php.net,Male,182.213.19.47
211,Carol-jean,Alexsandrov,calexsandrov5u@arstechnica.com,Female,59.227.47.155
212,Bambie,Rathe,brathe5v@com.com,Female,196.32.168.93
213,Ulrick,Jiruca,ujiruca5w@stumbleupon.com,Male,123.212.217.199
214,Vasily,Renyard,vrenyard5x@csmonitor.com,Male,22.210.131.44
215,Phebe,Wardhaugh,pwardhaugh5y@shinystat.com,Female,57.217.47.113
216,Hannis,Peoples,hpeoples5z@java.com,Female,149.121.56.186
217,Rock,Kyme,rkyme60@webnode.com,Male,11.153.78.174
218,Dareen,Howton,dhowton61@hud.gov,Female,52.65.20.12
219,Imogene,Gemmell,igemmell62@amazon.co.jp,Female,181.1.86.199
220,Agna,Colbertson,acolbertson63@salon.com,Female,247.81.31.8
221,Charmian,Letten,cletten64@about.me,Female,39.44.79.89
222,Cull,Deam,cdeam65@list-manage.com,Male,53.154.235.26
223,Paige,Shilstone,pshilstone66@narod.ru,Male,154.83.222.67
224,Rosamund,Geffen,rgeffen67@nationalgeographic.com,Female,222.239.239.80
225,Franny,Box,fbox68@dailymotion.com,Male,128.239.41.203
226,Rod,Frantz,rfrantz69@buzzfeed.com,Male,127.186.97.63
227,Jan,Coller,jcoller6a@comsenz.com,Female,151.136.21.30
228,Tildi,Pridgeon,tpridgeon6b@webs.com,Bigender,246.149.188.193
229,Giuditta,Cottage,gcottage6c@istockphoto.com,Female,45.215.88.217
230,Lin,Assad,lassad6d@nba.com,Female,113.247.66.100
231,Veradis,Hawkswood,vhawkswood6e@state.tx.us,Female,212.187.103.103
232,Korrie,Hethron,khethron6f@yahoo.com,Female,116.68.183.129
233,Tymothy,Kitteringham,tkitteringham6g@illinois.edu,Male,121.6.21.151
234,Idalina,Kamien,ikamien6h@google.fr,Female,241.245.207.119
235,Thebault,Smiley,tsmiley6i@usatoday.com,Male,113.93.164.113
236,Modestine,Gravenor,mgravenor6j@fastcompany.com,Female,41.129.30.255
237,Kathrine,Reskelly,kreskelly6k@bloomberg.com,Female,36.162.102.81
238,Elisha,Crissil,ecrissil6l@lulu.com,Female,252.14.109.21
239,Ilyssa,Kybert,ikybert6m@simplemachines.org,Female,220.188.32.179
240,Parke,Millen,pmillen6n@w3.org,Male,94.235.20.118
241,Lyndel,Eustes,leustes6o@meetup.com,Polygender,206.134.97.173
242,Catherine,Karpenko,ckarpenko6p@ovh.net,Female,164.178.158.232
243,Terri,Elwin,telwin6q@newsvine.com,Female,55.231.238.15
244,Natalee,Jentet,njentet6r@google.ca,Female,75.46.34.108
245,Tait,Labrom,tlabrom6s@goodreads.com,Male,165.96.226.138
246,Justinn,Duligall,jduligall6t@shinystat.com,Female,130.39.167.240
247,Emile,Kepling,ekepling6u@ovh.net,Male,48.215.153.50
248,Zia,Dufaire,zdufaire6v@google.es,Female,224.101.13.160
249,Tiff,Vila,tvila6w@guardian.co.uk,Female,80.180.120.142
250,Patsy,Cookes,pcookes6x@myspace.com,Male,100.144.90.25
251,Quincy,Barwack,qbarwack6y@si.edu,Genderfluid,158.139.198.78
252,Mona,Paulo,mpaulo6z@home.pl,Female,105.196.150.44
253,Ambrose,MacCard,amaccard70@seesaa.net,Male,226.1.236.165
254,John,Guillond,jguillond71@google.ru,Male,166.62.28.237
255,Jandy,Dudderidge,jdudderidge72@google.pl,Female,133.231.132.202
256,Verne,Denisovich,vdenisovich73@hibu.com,Male,82.231.152.102
257,Morena,Illingworth,millingworth74@un.org,Female,236.87.215.212
258,Benjy,Willimott,bwillimott75@dropbox.com,Male,128.167.56.22
259,Enos,Helsdon,ehelsdon76@ucsd.edu,Male,125.59.128.232
260,Brien,Grieves,bgrieves77@themeforest.net,Male,19.69.152.90
261,Garrett,Pedrielli,gpedrielli78@plala.or.jp,Male,15.98.54.152
262,Tiertza,Renton,trenton79@theglobeandmail.com,Female,184.168.209.248
263,Jobina,McCane,jmccane7a@mozilla.com,Female,62.246.24.166
264,Olympe,Garms,ogarms7b@wired.com,Female,106.192.177.198
265,Errick,Hofler,ehofler7c@alexa.com,Male,97.17.172.178
266,Sophronia,O'Reagan,soreagan7d@cbslocal.com,Female,206.95.6.131
267,Gabey,Ashburner,gashburner7e@scribd.com,Female,68.170.6.163
268,Merlina,Basill,mbasill7f@ft.com,Female,249.165.56.145
269,Monti,Banaszewski,mbanaszewski7g@blogs.com,Male,149.46.245.26
270,Feodor,Colebourn,fcolebourn7h@ask.com,Male,103.161.173.88
271,Lindsay,Berry,lberry7i@creativecommons.org,Female,57.226.173.68
272,Sephira,Simonato,ssimonato7j@about.me,Genderfluid,166.223.207.109
273,Cornela,Sherland,csherland7k@mashable.com,Female,105.181.220.123
274,Chrystel,Boor,cboor7l@virginia.edu,Female,15.7.189.150
275,Meggi,Goldine,mgoldine7m@examiner.com,Female,197.217.188.42
276,Bel,Bate,bbate7n@archive.org,Female,150.209.37.130
277,Gisele,Lewinton,glewinton7o@angelfire.com,Female,59.98.114.201
278,Tab,Fox,tfox7p@nba.com,Non-binary,241.19.22.160
279,Skyler,Farbrother,sfarbrother7q@army.mil,Male,125.168.132.226
280,Carlen,Easun,ceasun7r@behance.net,Female,47.50.242.164
281,Idell,Grolmann,igrolmann7s@dyndns.org,Female,104.240.66.165
282,Erick,Dannohl,edannohl7t@hibu.com,Male,242.134.68.195
283,Delphinia,Cicci,dcicci7u@uol.com.br,Female,193.21.195.163
284,Ginni,Deans,gdeans7v@tumblr.com,Female,170.180.15.166
285,Danyette,Lacelett,dlacelett7w@msn.com,Agender,73.66.94.179
286,Clemmy,Duddle,cduddle7x@4shared.com,Female,100.46.80.236
287,Nettie,Louedey,nlouedey7y@fc2.com,Female,35.240.179.47
288,Kurtis,Sillitoe,ksillitoe7z@home.pl,Male,229.210.254.49
289,Ruperto,O'Haire,rohaire80@1688.com,Male,13.152.178.66
290,Wash,Illesley,willesley81@bbc.co.uk,Agender,50.253.214.17
291,Oneida,Seckom,oseckom82@huffingtonpost.com,Female,244.86.23.103
292,Damiano,Lebond,dlebond83@is.gd,Male,165.140.244.45
293,Winston,Gamet,wgamet84@nydailynews.com,Male,5.5.209.46
294,Karna,Langeren,klangeren85@comsenz.com,Female,39.169.167.68
295,Nance,Greatex,ngreatex86@furl.net,Female,180.171.159.146
296,Nicolle,Uc,nuc87@facebook.com,Female,21.148.23.66
297,Stu,Jacson,sjacson88@networkadvertising.org,Male,234.165.179.105
298,Aldric,Mathers,amathers89@shutterfly.com,Male,51.227.205.151
299,Noella,Tointon,ntointon8a@sogou.com,Female,214.1.16.99
300,Teriann,Penwell,tpenwell8b@ft.com,Female,145.17.149.237
301,Frans,Mattioli,fmattioli8c@gov.uk,Male,169.235.66.185
302,Sid,Stork,sstork8d@themeforest.net,Male,1.38.228.116
303,Hilly,Bazylets,hbazylets8e@addtoany.com,Male,121.5.15.7
304,Rorie,Mingotti,rmingotti8f@artisteer.com,Female,167.193.135.98
305,Gradeigh,Wortt,gwortt8g@godaddy.com,Bigender,182.195.109.30
306,Jarrett,McGarrity,jmcgarrity8h@buzzfeed.com,Male,33.80.177.18
307,Brnaba,Gatheral,bgatheral8i@addthis.com,Male,137.138.113.115
308,Harlene,Tournay,htournay8j@squidoo.com,Genderqueer,57.174.213.38
309,Marya,Arstall,marstall8k@stumbleupon.com,Agender,113.52.39.105
310,Francois,Ciotto,fciotto8l@go.com,Male,241.139.216.186
311,Raina,Mathevon,rmathevon8m@nymag.com,Female,70.64.170.111
312,Alexa,Ovenell,aovenell8n@e-recht24.de,Female,227.95.11.231
313,Richard,Macci,rmacci8o@tamu.edu,Male,189.14.203.56
314,Trip,Parton,tparton8p@ca.gov,Male,229.91.95.21
315,Charmane,Aires,caires8q@uol.com.br,Female,215.72.76.19
316,Nanete,Vanacci,nvanacci8r@seesaa.net,Female,48.245.102.79
317,Gardiner,Spikings,gspikings8s@state.tx.us,Male,231.78.101.252
318,Rriocard,Tilliard,rtilliard8t@friendfeed.com,Male,253.1.184.150
319,Domingo,Tompkin,dtompkin8u@soup.io,Male,33.25.64.40
320,Thacher,Helliar,thelliar8v@dailymotion.com,Male,86.59.108.202
321,Arabela,McNysche,amcnysche8w@bloglovin.com,Female,138.228.36.91
322,Nari,Karlik,nkarlik8x@usatoday.com,Genderqueer,53.142.127.96
323,Peder,Dunsmuir,pdunsmuir8y@census.gov,Male,154.116.73.239
324,Lotti,Etter,letter8z@ameblo.jp,Bigender,3.0.239.98
325,Tabbie,Smorthwaite,tsmorthwaite90@wikispaces.com,Female,32.137.192.213
326,Brandice,Mawne,bmawne91@ucla.edu,Female,196.96.220.89
327,Jan,Jailler,jjailler92@pinterest.com,Bigender,214.63.134.228
328,Bernarr,Toun,btoun93@elegantthemes.com,Male,141.148.20.196
329,Thomasine,Jales,tjales94@marriott.com,Female,227.143.186.178
330,Brent,Muzzall,bmuzzall95@desdev.cn,Male,42.26.84.207
331,Mallorie,Ingarfill,mingarfill96@sakura.ne.jp,Bigender,47.211.248.78
332,Cullin,Gladdish,cgladdish97@gnu.org,Male,22.202.100.13
333,Angie,Benmore,abenmore98@woothemes.com,Female,163.1.84.121
334,Richardo,Tailour,rtailour99@apache.org,Male,116.36.162.254
335,Jimmy,Corten,jcorten9a@wikimedia.org,Male,149.125.45.150
336,Jamill,Dowall,jdowall9b@tuttocitta.it,Male,5.106.76.121
337,Hastie,Buckham,hbuckham9c@oracle.com,Male,242.247.181.54
338,Keely,Renbold,krenbold9d@youtube.com,Female,127.82.81.71
339,Joan,Sallowaye,jsallowaye9e@usa.gov,Female,192.165.74.144
340,Ernesta,Lilleyman,elilleyman9f@redcross.org,Female,134.114.127.217
341,Mortie,Edyson,medyson9g@sciencedirect.com,Agender,109.137.185.21
342,Zed,Shuttlewood,zshuttlewood9h@themeforest.net,Male,251.166.42.175
343,Renard,Sondland,rsondland9i@unicef.org,Male,166.5.83.91
344,Igor,Aspall,iaspall9j@squidoo.com,Male,3.42.144.16
345,Bogart,Bartelot,bbartelot9k@reference.com,Male,166.135.133.138
346,Allyn,Hauch,ahauch9l@statcounter.com,Female,89.5.131.252
347,Feodor,Godfrey,fgodfrey9m@businessweek.com,Male,90.170.169.244
348,Christy,Moreside,cmoreside9n@timesonline.co.uk,Male,227.67.140.231
349,Hersch,Billiard,hbilliard9o@squarespace.com,Male,194.121.201.87
350,Godiva,Beek,gbeek9p@deviantart.com,Female,174.207.72.115
351,Hardy,Heavy,hheavy9q@ucsd.edu,Male,171.187.248.15
352,Sanders,Philliskirk,sphilliskirk9r@mlb.com,Male,23.248.137.175
353,Ardelle,Di Carlo,adicarlo9s@dot.gov,Female,255.84.88.137
354,Cassie,Messer,cmesser9t@cargocollective.com,Agender,15.33.54.235
355,Rianon,Renad,rrenad9u@economist.com,Female,52.82.232.237
356,Eddy,Raimbauld,eraimbauld9v@sitemeter.com,Male,1.176.219.125
357,Patin,Winnard,pwinnard9w@alexa.com,Male,53.54.218.21
358,Guy,Sherwin,gsherwin9x@dot.gov,Male,45.233.90.41
359,Karine,Menier,kmenier9y@gizmodo.com,Female,137.237.232.35
360,Cordula,Kurton,ckurton9z@nymag.com,Female,222.159.100.163
361,Mal,Lusty,mlustya0@nature.com,Male,20.112.25.54
362,Van,Brown,vbrowna1@cam.ac.uk,Male,108.17.173.129
363,Samuel,Quinnet,squinneta2@indiatimes.com,Male,4.128.54.39
364,Davy,Bachura,dbachuraa3@slideshare.net,Male,170.107.199.213
365,Ailis,Joisce,ajoiscea4@networksolutions.com,Female,163.190.194.224
366,Caprice,Normadell,cnormadella5@ebay.co.uk,Female,99.89.131.22
367,Benjamin,Edmonston,bedmonstona6@wunderground.com,Male,33.214.186.78
368,Natale,Iacoviello,niacovielloa7@chronoengine.com,Male,181.213.216.22
369,Renard,Kellick,rkellicka8@sciencedaily.com,Male,107.192.210.217
370,Trever,Yerborn,tyerborna9@reuters.com,Male,2.190.137.57
371,Izak,Allum,iallumaa@china.com.cn,Male,207.175.2.105
372,Maggi,Bankhurst,mbankhurstab@goo.gl,Female,109.193.148.0
373,Hilary,Brickhill,hbrickhillac@cnbc.com,Male,59.19.142.66
374,Pearle,Bedome,pbedomead@engadget.com,Female,16.78.249.59
375,Dag,I'anson,diansonae@rambler.ru,Male,211.208.140.78
376,Vicky,Pavkovic,vpavkovicaf@usa.gov,Female,76.199.38.220
377,Madison,Kittley,mkittleyag@nytimes.com,Male,73.227.191.89
378,Andria,Ciepluch,aciepluchah@cafepress.com,Female,127.45.186.175
379,Karie,Applewhite,kapplewhiteai@indiegogo.com,Agender,136.163.111.82
380,Corrine,Baldinotti,cbaldinottiaj@blogspot.com,Genderfluid,146.102.50.215
381,Valentine,Thicking,vthickingak@dell.com,Female,109.146.148.221
382,Edvard,Melmore,emelmoreal@devhub.com,Male,57.61.98.239
383,Enrique,Eyden,eeydenam@mozilla.com,Male,183.0.186.19
384,Antin,Duckhouse,aduckhousean@chicagotribune.com,Male,186.107.185.195
385,Killian,Jeandin,kjeandinao@mlb.com,Male,75.236.249.46
386,Laurens,Cyseley,lcyseleyap@sakura.ne.jp,Male,192.57.25.224
387,Tommy,Prisley,tprisleyaq@addthis.com,Male,212.230.152.248
388,Filia,Arpur,farpurar@xing.com,Bigender,214.154.131.135
389,Pete,Killiam,pkilliamas@sogou.com,Male,151.117.225.198
390,Britni,Andric,bandricat@photobucket.com,Female,94.123.26.150
391,Ollie,Brenstuhl,obrenstuhlau@sohu.com,Male,5.215.185.227
392,Zoe,Culligan,zculliganav@ucoz.com,Female,139.135.249.172
393,Elmore,Ramas,eramasaw@toplist.cz,Male,39.49.233.54
394,Abel,Biasi,abiasiax@youtu.be,Male,160.66.89.185
395,Darryl,O'Scandall,doscandallay@imdb.com,Female,42.55.162.63
396,Hannie,Bourdon,hbourdonaz@about.me,Female,201.44.215.95
397,Melody,Kempe,mkempeb0@bing.com,Female,7.118.252.181
398,Wat,Gilliver,wgilliverb1@deliciousdays.com,Male,61.227.79.192
399,Letisha,Hatzar,lhatzarb2@berkeley.edu,Female,71.191.197.88
400,Isaac,Hackford,ihackfordb3@washington.edu,Male,220.100.57.79
401,Stephine,Hanbidge,shanbidgeb4@virginia.edu,Female,173.146.192.79
402,Ferrel,Danby,fdanbyb5@ameblo.jp,Male,242.65.10.141
403,Norrie,Giacoboni,ngiacobonib6@squarespace.com,Male,184.129.112.228
404,Isador,Pepon,ipeponb7@behance.net,Male,90.51.193.30
405,Babs,Troy,btroyb8@samsung.com,Female,87.229.164.234
406,Bourke,Jouaneton,bjouanetonb9@mtv.com,Male,75.32.45.63
407,Finn,Hartnell,fhartnellba@naver.com,Male,33.171.86.190
408,Marilee,Garken,mgarkenbb@indiegogo.com,Female,246.187.170.35
409,Randy,Toretta,rtorettabc@sfgate.com,Genderqueer,253.174.61.21
410,Karen,Gehring,kgehringbd@ovh.net,Female,159.119.73.218
411,Cooper,Murrish,cmurrishbe@thetimes.co.uk,Male,255.217.115.119
412,Carlye,Orbell,corbellbf@hao123.com,Female,93.253.8.252
413,Casar,Stockall,cstockallbg@godaddy.com,Male,228.1.232.179
414,Maurita,O'Sheils,mosheilsbh@plala.or.jp,Female,82.172.199.214
415,Brantley,Sturridge,bsturridgebi@uol.com.br,Male,166.99.81.87
416,Ileana,Gallgher,igallgherbj@accuweather.com,Female,223.13.148.125
417,Janna,Ottewell,jottewellbk@networkadvertising.org,Female,69.58.76.58
418,Martita,Ianiello,mianiellobl@odnoklassniki.ru,Female,7.111.104.32
419,Louis,Zannutti,lzannuttibm@usgs.gov,Male,84.247.84.173
420,Alejandro,Anscombe,aanscombebn@fastcompany.com,Male,228.232.217.70
421,Rhona,Sadler,rsadlerbo@privacy.gov.au,Female,81.161.233.29
422,Jessika,Ghelardi,jghelardibp@ox.ac.uk,Female,105.133.118.238
423,Lucretia,Crace,lcracebq@yellowpages.com,Female,217.96.0.125
424,Jarad,Totton,jtottonbr@zimbio.com,Male,21.15.55.107
425,Rupert,Crosland,rcroslandbs@springer.com,Male,63.178.71.123
426,Dudley,Guillond,dguillondbt@slashdot.org,Male,247.70.184.15
427,Mart,Rankling,mranklingbu@imageshack.us,Male,18.63.201.43
428,Christophorus,Croall,ccroallbv@mayoclinic.com,Male,1.110.68.41
429,Bettine,Curds,bcurdsbw@posterous.com,Female,218.209.1.179
430,Tulley,Bossom,tbossombx@xing.com,Male,87.24.162.129
431,Binnie,Wyburn,bwyburnby@tripadvisor.com,Female,2.198.61.121
432,Olly,Donald,odonaldbz@archive.org,Female,67.129.87.48
433,Urbano,Rushsorth,urushsorthc0@pen.io,Male,154.192.148.211
434,Zonnya,Quesne,zquesnec1@google.nl,Female,111.182.226.40
435,Clementine,Leverington,cleveringtonc2@indiegogo.com,Bigender,226.9.73.52
436,Tabitha,Altimas,taltimasc3@nationalgeographic.com,Female,2.192.215.31
437,Stesha,Jeromson,sjeromsonc4@icio.us,Female,67.95.74.101
438,Maybelle,Reisenberg,mreisenbergc5@google.it,Non-binary,235.97.154.53
439,Tiffany,Connal,tconnalc6@dot.gov,Female,245.190.133.85
440,Aldus,Bouskill,abouskillc7@apple.com,Male,174.97.131.150
441,Agretha,Gatfield,agatfieldc8@webeden.co.uk,Bigender,82.21.80.148
442,Lucilia,Rummins,lrumminsc9@columbia.edu,Female,223.90.238.146
443,Ronnica,Ferby,rferbyca@vistaprint.com,Female,52.96.202.92
444,Starlin,Littlewood,slittlewoodcb@nifty.com,Female,67.32.53.58
445,Daniela,Gowan,dgowancc@bloomberg.com,Female,245.49.90.15
446,Abel,Tattersfield,atattersfieldcd@xing.com,Male,170.87.60.213
447,Brendon,Dorton,bdortonce@shinystat.com,Male,58.76.149.40
448,Breena,Hambright,bhambrightcf@nydailynews.com,Female,33.80.201.19
449,Anne-marie,Enright,aenrightcg@deviantart.com,Female,51.91.223.2
450,Bryanty,Disney,bdisneych@businessweek.com,Male,178.176.0.225
451,Rollins,Artharg,rarthargci@google.de,Male,156.173.212.113
452,Kally,Anderl,kanderlcj@umich.edu,Genderfluid,99.168.157.35
453,Ulrika,Sidnall,usidnallck@devhub.com,Female,192.228.186.136
454,Olav,Korneichuk,okorneichukcl@patch.com,Polygender,208.73.153.31
455,Benji,Vickars,bvickarscm@blogspot.com,Male,24.114.38.181
456,Peggy,Hunstone,phunstonecn@plala.or.jp,Female,200.18.205.197
457,Vince,Muckart,vmuckartco@ebay.com,Male,235.48.179.129
458,Lesley,Zanussii,lzanussiicp@gizmodo.com,Female,53.193.129.115
459,Livia,Payn,lpayncq@prlog.org,Female,57.197.48.141
460,Patten,Pengilly,ppengillycr@tuttocitta.it,Male,252.124.198.130
461,Ali,Caush,acaushcs@foxnews.com,Female,114.209.51.199
462,Jill,Alesio,jalesioct@bravesites.com,Bigender,31.15.107.127
463,Duffy,Bulfoy,dbulfoycu@wunderground.com,Male,196.87.103.79
464,Pierce,Bapty,pbaptycv@homestead.com,Male,238.162.140.178
465,Denny,Ballantine,dballantinecw@mail.ru,Female,95.41.43.141
466,Bathsheba,McGaugan,bmcgaugancx@jugem.jp,Female,79.51.55.219
467,Yetty,Bartoszewski,ybartoszewskicy@oaic.gov.au,Female,222.93.202.134
468,Ibby,Appleton,iappletoncz@biblegateway.com,Non-binary,28.137.149.61
469,Annecorinne,Cherrison,acherrisond0@ask.com,Female,84.42.176.41
470,Rois,Skeeles,rskeelesd1@dailymail.co.uk,Female,150.173.165.10
471,Michelle,Pygott,mpygottd2@e-recht24.de,Female,91.203.148.46
472,Auroora,McGiveen,amcgiveend3@list-manage.com,Female,127.122.250.190
473,Milzie,Licquorish,mlicquorishd4@etsy.com,Female,146.218.55.201
474,Webb,Garm,wgarmd5@pen.io,Male,70.138.24.254
475,Barnabe,Sewley,bsewleyd6@virginia.edu,Male,216.169.112.82
476,Petronille,Caston,pcastond7@dailymotion.com,Female,42.8.216.211
477,Gusti,Grigorescu,ggrigorescud8@diigo.com,Female,84.224.238.91
478,Blondie,Jarrad,bjarradd9@answers.com,Female,180.4.53.154
479,Iorgos,Boule,ibouleda@webmd.com,Male,139.115.91.176
480,Kissie,Bakhrushin,kbakhrushindb@theguardian.com,Female,30.86.37.11
481,Christy,Shickle,cshickledc@google.co.uk,Male,172.29.23.55
482,Cheslie,Renols,crenolsdd@msu.edu,Non-binary,223.20.182.244
483,Lucina,Rops,lropsde@newsvine.com,Female,253.136.112.201
484,Sheffield,Girdlestone,sgirdlestonedf@cyberchimps.com,Male,24.132.210.203
485,Nahum,Aleksidze,naleksidzedg@reddit.com,Bigender,236.135.139.172
486,Harmony,De Freitas,hdefreitasdh@furl.net,Female,68.106.50.229
487,Brandice,Doyley,bdoyleydi@japanpost.jp,Female,126.4.201.237
488,Gypsy,Filipputti,gfilipputtidj@ed.gov,Female,58.144.186.77
489,Rozelle,Gutsell,rgutselldk@theatlantic.com,Female,33.143.23.12
490,Jacquelin,Snooks,jsnooksdl@google.cn,Female,52.189.6.75
491,Madlen,Caldwell,mcaldwelldm@nbcnews.com,Female,169.115.120.41
492,Vladimir,Auchterlonie,vauchterloniedn@gnu.org,Male,159.21.229.225
493,Corrine,Alpe,calpedo@ihg.com,Female,206.144.19.245
494,Catherin,Redhead,credheaddp@bloglovin.com,Female,121.216.244.22
495,Natasha,Bragg,nbraggdq@wiley.com,Female,75.147.37.190
496,Robbert,Stratten,rstrattendr@accuweather.com,Male,28.25.47.71
497,Fayth,Dorset,fdorsetds@google.com.au,Female,64.224.57.29
498,Mic,Causnett,mcausnettdt@cafepress.com,Male,135.75.14.181
499,Shelley,Mill,smilldu@angelfire.com,Male,163.69.87.181
500,Hersh,Vonderdell,hvonderdelldv@nih.gov,Male,103.24.91.93
501,Prent,Faircloth,pfairclothdw@1und1.de,Male,167.78.52.100
502,Tymothy,Berndsen,tberndsendx@nature.com,Male,78.166.90.70
503,Celestyn,Stang-Gjertsen,cstanggjertsendy@nasa.gov,Female,117.20.122.230
504,Erv,Itschakov,eitschakovdz@plala.or.jp,Male,148.19.221.86
505,Sammy,Pillifant,spillifante0@google.it,Male,80.138.31.244
506,Sigmund,Labdon,slabdone1@cocolog-nifty.com,Non-binary,68.35.1.166
507,Raynor,Lattka,rlattkae2@yellowpages.com,Male,180.90.161.221
508,Vince,Cranch,vcranche3@prlog.org,Male,93.142.68.245
509,Elsinore,Helks,ehelkse4@vk.com,Female,130.181.181.30
510,Dolly,Milland,dmillande5@smugmug.com,Female,112.62.103.123
511,Shayne,Tillett,stillette6@ft.com,Male,60.70.146.79
512,Erminie,Stooke,estookee7@tinypic.com,Female,26.159.27.209
513,Shaine,Vell,svelle8@soundcloud.com,Female,63.205.51.222
514,Stephie,Navaro,snavaroe9@xing.com,Female,64.73.222.155
515,Claudian,Claris,cclarisea@nps.gov,Male,213.6.222.167
516,Stearne,Quadri,squadrieb@reference.com,Male,7.165.245.105
517,Rhoda,Chessun,rchessunec@rediff.com,Female,201.54.248.197
518,Corabella,Ovendon,covendoned@123-reg.co.uk,Female,230.134.96.135
519,Celinka,Slucock,cslucockee@pbs.org,Female,78.231.151.185
520,Ninette,Norval,nnorvalef@jimdo.com,Non-binary,232.232.204.24
521,Rora,McGorman,rmcgormaneg@gnu.org,Female,184.238.37.191
522,Beck,Shiers,bshierseh@zdnet.com,Male,93.176.200.85
523,Maxie,Sergeaunt,msergeauntei@utexas.edu,Female,241.5.192.19
524,Tobe,Handrock,thandrockej@xinhuanet.com,Female,124.227.198.87
525,Doro,Gendricke,dgendrickeek@163.com,Female,37.13.136.222
526,Barbi,Southwood,bsouthwoodel@washingtonpost.com,Female,184.194.16.153
527,Rusty,Topley,rtopleyem@histats.com,Male,255.65.30.123
528,Natalee,Allchin,nallchinen@yelp.com,Female,235.198.20.38
529,Seamus,Walsom,swalsomeo@webnode.com,Male,213.26.203.255
530,Elna,Sear,esearep@quantcast.com,Female,103.251.78.193
531,Merill,Kildale,mkildaleeq@t.co,Male,251.162.225.178
532,Natala,Duffree,nduffreeer@wordpress.com,Female,150.215.232.172
533,Launce,Topes,ltopeses@paginegialle.it,Male,157.163.47.95
534,Lorne,Clemence,lclemenceet@exblog.jp,Female,211.106.47.135
535,Ciel,Grumell,cgrumelleu@vinaora.com,Female,135.90.205.78
536,Katrina,Reisen,kreisenev@sbwire.com,Female,90.171.73.152
537,Griffith,Cruddas,gcruddasew@samsung.com,Male,231.34.172.160
538,Heddi,Carrier,hcarrierex@bbb.org,Female,83.134.66.183
539,Garwood,Braysher,gbraysherey@people.com.cn,Male,135.190.220.253
540,Eyde,Speechly,espeechlyez@addtoany.com,Polygender,162.134.80.216
541,Jason,Baseley,jbaseleyf0@oakley.com,Male,12.70.62.100
542,Natalee,Castagnier,ncastagnierf1@wisc.edu,Female,59.253.123.109
543,Emera,Dalziell,edalziellf2@archive.org,Female,160.29.97.64
544,Cristian,Cerith,ccerithf3@ihg.com,Male,243.218.126.251
545,Vin,Bramich,vbramichf4@pbs.org,Female,191.142.227.81
546,Hervey,Valentim,hvalentimf5@ted.com,Genderqueer,120.148.140.25
547,Tally,Fackney,tfackneyf6@printfriendly.com,Male,146.173.97.5
548,Randie,Fitzsymons,rfitzsymonsf7@github.com,Male,92.250.195.29
549,Sven,Tolmie,stolmief8@privacy.gov.au,Male,70.71.140.149
550,Margery,Gosselin,mgosselinf9@csmonitor.com,Female,10.61.196.32
551,Mycah,Lighton,mlightonfa@addthis.com,Male,141.173.128.198
552,Rheta,Klimko,rklimkofb@uiuc.edu,Genderqueer,229.119.67.207
553,Brewer,Bullivent,bbulliventfc@uiuc.edu,Male,77.204.210.106
554,Bobbe,Kinton,bkintonfd@jigsy.com,Female,78.198.61.132
555,Herbert,McKellen,hmckellenfe@comcast.net,Male,255.178.190.88
556,Sullivan,Sherrott,ssherrottff@wikipedia.org,Male,125.74.68.149
557,Rowen,Gallop,rgallopfg@de.vu,Male,41.9.144.149
558,Anne,Simacek,asimacekfh@hatena.ne.jp,Female,98.196.216.81
559,Ugo,Simeonov,usimeonovfi@list-manage.com,Male,18.90.92.143
560,Renado,Wales,rwalesfj@opensource.org,Male,86.48.246.29
561,Courtenay,Glowach,cglowachfk@pinterest.com,Female,72.85.242.184
562,Norman,Perillo,nperillofl@wp.com,Male,241.226.58.67
563,Sylas,Newborn,snewbornfm@illinois.edu,Male,130.150.51.37
564,Patsy,Giffard,pgiffardfn@hibu.com,Female,16.147.255.194
565,Blayne,Tolliday,btollidayfo@addthis.com,Male,199.197.56.200
566,Brad,Chadwin,bchadwinfp@angelfire.com,Genderqueer,24.59.58.236
567,Melessa,Roderham,mroderhamfq@youtube.com,Female,104.77.200.135
568,Vasily,Garcia,vgarciafr@wikia.com,Male,198.138.98.218
569,Michell,Mulrooney,mmulrooneyfs@desdev.cn,Female,14.194.238.52
570,Vassily,Sunman,vsunmanft@spotify.com,Male,197.16.171.189
571,Nert,Fahy,nfahyfu@blogs.com,Female,199.111.15.99
572,Maximo,Salerno,msalernofv@ox.ac.uk,Male,55.106.174.208
573,Odilia,Crosi,ocrosifw@hatena.ne.jp,Polygender,235.107.122.198
574,Zoe,Mingardi,zmingardifx@purevolume.com,Female,67.237.252.87
575,Franz,Caberas,fcaberasfy@mediafire.com,Male,192.169.117.67
576,Denise,Farrey,dfarreyfz@ow.ly,Female,79.238.6.41
577,Cordi,Swalteridge,cswalteridgeg0@studiopress.com,Female,166.134.221.240
578,Samuel,Selvey,sselveyg1@zimbio.com,Male,64.63.215.131
579,Lynnea,Maunder,lmaunderg2@weather.com,Female,246.147.99.116
580,Elisabeth,Ickovits,eickovitsg3@opera.com,Female,248.244.62.77
581,Curtice,Petrushka,cpetrushkag4@ca.gov,Male,171.180.83.91
582,Say,Crighton,scrightong5@soundcloud.com,Male,170.112.185.94
583,Carol,Grindle,cgrindleg6@cornell.edu,Female,121.187.188.163
584,Nicola,MacAndie,nmacandieg7@state.gov,Male,9.108.139.123
585,Binny,Dies,bdiesg8@is.gd,Female,108.202.159.32
586,Rriocard,Lownds,rlowndsg9@harvard.edu,Male,113.65.124.171
587,Giorgio,Lidington,glidingtonga@xing.com,Male,88.38.138.184
588,Melissa,Ruselin,mruselingb@123-reg.co.uk,Female,214.66.169.228
589,Cristiano,Giveen,cgiveengc@nasa.gov,Male,203.192.218.95
590,Rozamond,Thumnel,rthumnelgd@ning.com,Female,154.78.96.130
591,Arnaldo,Sictornes,asictornesge@bloomberg.com,Genderqueer,88.151.5.238
592,Spencer,Moreton,smoretongf@facebook.com,Male,83.186.235.106
593,Benjamin,Livezey,blivezeygg@wired.com,Male,212.200.47.234
594,Reinwald,Padula,rpadulagh@go.com,Male,9.197.246.11
595,Dorthea,Goodsall,dgoodsallgi@earthlink.net,Female,47.189.95.99
596,Beck,Dempster,bdempstergj@prnewswire.com,Genderqueer,117.193.245.176
597,Chrisy,Dyer,cdyergk@phoca.cz,Male,146.242.177.227
598,Any,MacClancey,amacclanceygl@blogspot.com,Male,227.2.243.177
599,Lemmie,Mattielli,lmattielligm@networksolutions.com,Male,159.81.13.164
600,Bud,Moorhouse,bmoorhousegn@reverbnation.com,Male,173.170.14.235
601,Elysia,Parlot,eparlotgo@mapy.cz,Female,145.198.172.237
602,Bobette,McCray,bmccraygp@hostgator.com,Female,191.189.86.22
603,Osmund,Delooze,odeloozegq@nyu.edu,Male,254.157.241.57
604,Alta,Joutapaitis,ajoutapaitisgr@hp.com,Female,190.206.151.23
605,Sawyere,Berzen,sberzengs@linkedin.com,Male,66.36.239.122
606,Sheila,McCarter,smccartergt@drupal.org,Female,20.151.44.8
607,Pearce,O'Scanlan,poscanlangu@smugmug.com,Bigender,149.243.98.201
608,Emmalynn,Tichner,etichnergv@lycos.com,Female,195.8.159.81
609,Avery,Simonian,asimoniangw@ocn.ne.jp,Male,53.1.70.7
610,Gustave,Yegorov,gyegorovgx@msn.com,Male,26.182.241.140
611,Cesaro,Yakobovicz,cyakoboviczgy@europa.eu,Male,8.209.7.228
612,Ave,Groves,agrovesgz@quantcast.com,Male,235.239.180.239
613,Blinnie,Sheivels,bsheivelsh0@patch.com,Polygender,28.80.84.93
614,Creigh,Sharphurst,csharphursth1@blogger.com,Male,6.92.194.172
615,Ax,Gronno,agronnoh2@oakley.com,Male,24.200.6.97
616,Bryant,Pomphrey,bpomphreyh3@cdbaby.com,Male,119.208.120.101
617,Nadiya,Dreger,ndregerh4@ed.gov,Female,179.134.172.247
618,Scarlet,Filov,sfilovh5@blog.com,Female,205.217.46.124
619,Lennard,Haysman,lhaysmanh6@xing.com,Male,245.0.241.179
620,Elga,Luetkemeyers,eluetkemeyersh7@ucla.edu,Female,43.141.118.139
621,Katina,Ainsley,kainsleyh8@amazon.co.uk,Female,82.174.129.175
622,Ellsworth,Huglin,ehuglinh9@youtube.com,Male,184.159.156.18
623,Wilhelmina,Gradon,wgradonha@yelp.com,Female,126.56.167.6
624,Frederich,Chant,fchanthb@symantec.com,Male,163.212.226.221
625,Carmon,Devas,cdevashc@biblegateway.com,Female,211.199.2.232
626,Agathe,Ellison,aellisonhd@zimbio.com,Female,83.187.60.173
627,Maurita,Emery,memeryhe@nps.gov,Female,87.170.38.16
628,Eleonora,Hussey,ehusseyhf@huffingtonpost.com,Female,9.139.105.148
629,Gavan,Townby,gtownbyhg@aboutads.info,Male,215.124.239.40
630,Ange,Lempel,alempelhh@businesswire.com,Male,207.126.237.23
631,Margette,Cridlon,mcridlonhi@salon.com,Female,194.111.200.223
632,Berenice,Teissier,bteissierhj@zdnet.com,Female,248.60.70.33
633,Mada,Louche,mlouchehk@nationalgeographic.com,Female,80.143.9.99
634,Reynard,Blackaller,rblackallerhl@ibm.com,Male,223.242.16.225
635,Nissy,Kalisch,nkalischhm@patch.com,Female,251.191.218.64
636,Fredric,Steet,fsteethn@netlog.com,Male,145.124.226.72
637,Randy,Brigshaw,rbrigshawho@dedecms.com,Female,161.193.190.89
638,Derron,Manifield,dmanifieldhp@psu.edu,Male,159.182.185.138
639,Dorolisa,Tolson,dtolsonhq@vinaora.com,Female,112.87.163.13
640,Christiana,Jeromson,cjeromsonhr@yahoo.co.jp,Female,14.79.85.80
641,Lyndell,Gladeche,lgladechehs@google.pl,Genderfluid,89.231.152.125
642,Melvin,Branford,mbranfordht@seesaa.net,Male,128.151.37.10
643,Adelind,Heaffey,aheaffeyhu@va.gov,Female,211.184.86.139
644,Pet,Knyvett,pknyvetthv@msn.com,Female,243.55.146.61
645,Erny,Hadgraft,ehadgrafthw@mashable.com,Male,68.246.255.134
646,Audrey,Brace,abracehx@cnet.com,Female,198.4.207.87
647,Charlot,Reasce,creascehy@webs.com,Female,175.39.237.46
648,Ado,Doelle,adoellehz@globo.com,Male,54.224.135.29
649,Christoph,Riguard,criguardi0@nifty.com,Male,193.101.122.183
650,Jillene,Gallico,jgallicoi1@github.io,Female,188.56.89.42
651,Tabbie,Pikett,tpiketti2@unc.edu,Male,203.89.38.208
652,Hermy,Halesworth,hhalesworthi3@paginegialle.it,Male,136.36.150.150
653,Riley,Sherrington,rsherringtoni4@dion.ne.jp,Male,184.137.171.223
654,Adela,Phelit,apheliti5@t-online.de,Female,37.17.242.55
655,Dimitry,Phebey,dphebeyi6@seesaa.net,Male,253.194.27.200
656,Kristopher,Toderini,ktoderinii7@tuttocitta.it,Agender,119.192.173.12
657,Sasha,Blaydon,sblaydoni8@seattletimes.com,Male,141.130.68.141
658,Edmon,Rickard,erickardi9@hubpages.com,Male,12.54.231.113
659,Glennie,Suff,gsuffia@cafepress.com,Female,43.10.215.107
660,Emmaline,Ethridge,eethridgeib@archive.org,Female,160.232.14.114
661,Joyce,Morgen,jmorgenic@imdb.com,Female,34.92.244.152
662,Reine,Donaho,rdonahoid@sphinn.com,Female,41.214.250.82
663,Babara,Papaminas,bpapaminasie@shinystat.com,Female,50.135.120.186
664,Henry,Trevillion,htrevillionif@engadget.com,Male,93.17.195.119
665,Caron,Wasmer,cwasmerig@nps.gov,Female,25.241.176.225
666,Polly,Raine,praineih@reference.com,Non-binary,76.58.184.212
667,Christina,Retter,cretterii@mit.edu,Female,213.141.166.177
668,Carmencita,Garrettson,cgarrettsonij@uiuc.edu,Female,216.31.144.99
669,Debee,Reagan,dreaganik@boston.com,Non-binary,246.54.187.202
670,Gertruda,Whiles,gwhilesil@hatena.ne.jp,Female,81.30.222.97
671,Harlin,Pellamonuten,hpellamonutenim@yelp.com,Male,228.103.58.17
672,Regine,Zini,rziniin@ovh.net,Female,161.195.146.54
673,Tressa,Lober,tloberio@goo.ne.jp,Female,210.196.172.150
674,Nikola,Lisett,nlisettip@facebook.com,Male,219.194.201.51
675,Vincents,Arnoll,varnolliq@arstechnica.com,Male,197.165.180.216
676,Lia,Platt,lplattir@bravesites.com,Genderqueer,150.17.211.75
677,Tatum,Calyton,tcalytonis@tinypic.com,Female,29.224.254.212
678,Boris,Iannuzzi,biannuzziit@hostgator.com,Male,123.145.72.48
679,Fulvia,Langer,flangeriu@sfgate.com,Agender,179.99.167.194
680,Marylee,Godspede,mgodspedeiv@mashable.com,Female,150.233.47.7
681,Yolanda,Gannicleff,ygannicleffiw@51.la,Female,78.103.181.99
682,Lyn,Rawlingson,lrawlingsonix@google.ca,Male,248.81.225.206
683,Kaitlyn,Suthworth,ksuthworthiy@hhs.gov,Female,92.83.102.153
684,Phineas,Caddick,pcaddickiz@xinhuanet.com,Male,152.196.162.207
685,Valma,Garza,vgarzaj0@cbslocal.com,Female,12.72.183.199
686,Rance,Beininck,rbeininckj1@irs.gov,Male,239.224.214.162
687,Brynn,Kidson,bkidsonj2@php.net,Female,180.29.137.3
688,Nerte,McPharlain,nmcpharlainj3@nytimes.com,Female,190.141.99.194
689,Ardyth,Knapper,aknapperj4@bbc.co.uk,Female,133.19.192.218
690,Madelena,Wicken,mwickenj5@desdev.cn,Polygender,228.1.12.136
691,Raven,Rathjen,rrathjenj6@clickbank.net,Female,175.67.224.163
692,Dyanna,Creed,dcreedj7@addthis.com,Female,171.64.61.217
693,Trisha,McGettigan,tmcgettiganj8@over-blog.com,Female,102.170.77.252
694,Charlton,Deamer,cdeamerj9@paginegialle.it,Male,235.234.64.246
695,Marthe,Daffern,mdaffernja@chron.com,Female,228.221.83.112
696,Isidore,Ayree,iayreejb@wikimedia.org,Male,195.240.213.130
697,Linoel,Letixier,lletixierjc@ehow.com,Genderqueer,255.211.84.34
698,Fran,Suddock,fsuddockjd@altervista.org,Female,61.163.89.18
699,Alric,Tedman,atedmanje@netvibes.com,Male,119.43.213.211
700,Berkly,Beckworth,bbeckworthjf@constantcontact.com,Male,45.239.249.223
701,Marne,Bloxland,mbloxlandjg@statcounter.com,Female,53.59.129.90
702,Anson,Northridge,anorthridgejh@csmonitor.com,Male,67.21.214.47
703,Osmund,Whyborne,owhyborneji@ovh.net,Male,104.68.8.244
704,Anders,Keyzman,akeyzmanjj@hibu.com,Male,41.189.217.130
705,Hanna,Jurasek,hjurasekjk@ed.gov,Female,128.25.244.56
706,Ab,Crittal,acrittaljl@eepurl.com,Male,75.177.143.115
707,Redd,Scantlebury,rscantleburyjm@dot.gov,Male,219.3.227.1
708,Evelyn,Starking,estarkingjn@about.com,Female,155.39.254.86
709,Lela,Trethowan,ltrethowanjo@ucla.edu,Female,165.105.38.146
710,Margaretta,Bedburrow,mbedburrowjp@miibeian.gov.cn,Female,126.28.62.6
711,Kania,Rasper,krasperjq@cyberchimps.com,Agender,34.224.8.133
712,Lebbie,Dadley,ldadleyjr@taobao.com,Female,134.162.25.93
713,Carr,Wyper,cwyperjs@economist.com,Male,14.99.204.84
714,Heall,Enrietto,henriettojt@eepurl.com,Genderfluid,187.181.206.130
715,Rudy,Neeson,rneesonju@auda.org.au,Male,207.235.172.251
716,Gisele,Dispencer,gdispencerjv@sun.com,Female,89.45.30.12
717,Diann,Shout,dshoutjw@phpbb.com,Female,222.59.106.200
718,Rosabel,Calken,rcalkenjx@spotify.com,Female,40.98.28.113
719,Pren,Randle,prandlejy@timesonline.co.uk,Male,160.73.63.115
720,Darda,Oddey,doddeyjz@epa.gov,Polygender,159.7.160.54
721,Ashton,Rosenfield,arosenfieldk0@weather.com,Male,193.44.170.180
722,Rosalynd,Raxworthy,rraxworthyk1@yahoo.co.jp,Female,116.66.21.60
723,Jordon,Smurfitt,jsmurfittk2@uiuc.edu,Male,123.63.45.110
724,Krishnah,Bartolozzi,kbartolozzik3@eepurl.com,Male,227.223.135.127
725,Betteann,Upham,buphamk4@tripod.com,Female,48.204.60.43
726,Nelie,Garmans,ngarmansk5@zdnet.com,Female,228.98.46.23
727,Riki,Tozer,rtozerk6@booking.com,Female,110.163.159.157
728,Rochester,Sargerson,rsargersonk7@discuz.net,Male,249.211.32.49
729,Duke,Morefield,dmorefieldk8@microsoft.com,Male,125.70.79.23
730,Chantalle,Newsome,cnewsomek9@prnewswire.com,Female,20.81.246.36
731,Archibold,Bilam,abilamka@skype.com,Male,180.59.67.59
732,Nils,Guillard,nguillardkb@joomla.org,Male,48.169.148.125
733,Llywellyn,Spurgeon,lspurgeonkc@chicagotribune.com,Male,90.28.124.207
734,Duffy,Reeds,dreedskd@jimdo.com,Male,93.46.78.44
735,Galina,Conelly,gconellyke@studiopress.com,Female,224.82.122.241
736,Marven,Cane,mcanekf@skype.com,Male,163.31.38.102
737,Honey,Ivanikhin,hivanikhinkg@ucsd.edu,Agender,136.97.42.230
738,Darrell,Twinn,dtwinnkh@time.com,Male,20.16.18.44
739,Roddy,Handmore,rhandmoreki@slate.com,Male,146.245.13.168
740,Dorthea,Crippes,dcrippeskj@intel.com,Female,162.99.195.150
741,Oby,Shelmardine,oshelmardinekk@last.fm,Male,13.41.226.189
742,Clarey,Gordon-Giles,cgordongileskl@reverbnation.com,Female,248.60.98.230
743,Prudi,Kerslake,pkerslakekm@w3.org,Female,22.241.120.182
744,Allin,Spolton,aspoltonkn@51.la,Male,36.207.61.85
745,Siana,McMychem,smcmychemko@usda.gov,Genderqueer,36.77.144.140
746,Cassy,Schukraft,cschukraftkp@bbc.co.uk,Female,228.142.125.48
747,Cortie,Durden,cdurdenkq@ezinearticles.com,Male,62.33.57.97
748,Piotr,Marchiso,pmarchisokr@rakuten.co.jp,Male,101.89.79.87
749,Clementine,Hattoe,chattoeks@wp.com,Female,11.198.134.66
750,Kori,McGennis,kmcgenniskt@ftc.gov,Female,81.168.69.50
751,Stephan,Vassbender,svassbenderku@jigsy.com,Male,234.138.150.220
752,Sasha,Yanukhin,syanukhinkv@eepurl.com,Female,117.176.132.129
753,Sam,Tennewell,stennewellkw@godaddy.com,Male,156.129.76.162
754,Delbert,Lindner,dlindnerkx@edublogs.org,Male,50.80.60.182
755,Matthieu,Bryns,mbrynsky@trellian.com,Male,14.124.68.82
756,Kynthia,Joule,kjoulekz@cargocollective.com,Female,239.123.228.56
757,Maurizia,Hance,mhancel0@berkeley.edu,Female,148.221.231.111
758,Tate,Kellie,tkelliel1@deliciousdays.com,Male,124.227.163.183
759,Katheryn,Stoyle,kstoylel2@is.gd,Female,239.13.78.93
760,Karena,Crowson,kcrowsonl3@netvibes.com,Female,222.238.89.245
761,Sabina,Hosten,shostenl4@un.org,Female,173.213.203.119
762,Elnar,Kann,ekannl5@weebly.com,Male,48.243.199.5
763,Sal,Jarville,sjarvillel6@newyorker.com,Female,141.219.228.41
764,Alwyn,Olivia,aolivial7@ustream.tv,Male,172.173.59.220
765,Gilburt,Wann,gwannl8@wikia.com,Male,189.251.170.203
766,Laurens,Henrych,lhenrychl9@ft.com,Male,186.213.202.69
767,Bax,Gasquoine,bgasquoinela@psu.edu,Male,171.192.44.171
768,Electra,Pietraszek,epietraszeklb@wired.com,Female,247.243.135.93
769,Didi,Robben,drobbenlc@statcounter.com,Female,251.207.76.247
770,Gallard,Capeling,gcapelingld@blinklist.com,Male,70.17.22.176
771,Ulises,Godsil,ugodsille@latimes.com,Male,142.63.27.85
772,Germayne,Szwarc,gszwarclf@businessweek.com,Male,193.71.25.82
773,Tallulah,Farres,tfarreslg@spiegel.de,Female,15.219.104.162
774,Catina,Gutman,cgutmanlh@rambler.ru,Female,99.11.128.14
775,Kristian,Vasilkov,kvasilkovli@hp.com,Male,2.141.208.82
776,Ivy,Vasyutkin,ivasyutkinlj@intel.com,Female,197.159.235.10
777,Cornelle,Ryton,crytonlk@boston.com,Female,53.159.192.182
778,Jamima,MacCaughen,jmaccaughenll@imdb.com,Female,134.93.118.249
779,Raychel,Habgood,rhabgoodlm@nps.gov,Female,211.17.188.157
780,Giovanna,McCroft,gmccroftln@foxnews.com,Female,167.114.48.178
781,Nonie,Semor,nsemorlo@narod.ru,Female,168.53.186.47
782,Paulette,Munsey,pmunseylp@g.co,Female,180.72.127.227
783,Bret,Bensusan,bbensusanlq@blogspot.com,Male,211.137.198.59
784,Kelley,Bickersteth,kbickerstethlr@icq.com,Male,164.149.223.134
785,Sid,Speddin,sspeddinls@nhs.uk,Male,26.210.25.96
786,Dredi,Akroyd,dakroydlt@diigo.com,Female,7.218.79.46
787,Wynny,Flageul,wflageullu@ihg.com,Female,170.170.13.254
788,Price,Fone,pfonelv@ft.com,Male,207.152.57.14
789,Samson,Mourant,smourantlw@time.com,Male,30.93.133.250
790,Uriah,Denzey,udenzeylx@feedburner.com,Non-binary,166.105.201.68
791,Jobey,Horney,jhorneyly@aol.com,Female,175.245.225.236
792,Allie,Lumly,alumlylz@bloglines.com,Female,92.110.23.45
793,Lefty,Lorimer,llorimerm0@sciencedirect.com,Male,74.121.175.50
794,Frederick,Goodburn,fgoodburnm1@reuters.com,Male,255.113.117.127
795,Bale,Jarred,bjarredm2@tmall.com,Male,227.34.174.150
796,Leda,Andersch,landerschm3@google.cn,Female,2.166.27.168
797,Barri,Alans,balansm4@bing.com,Male,231.69.75.34
798,Tommi,Luby,tlubym5@multiply.com,Female,230.225.164.71
799,Erin,Shobrook,eshobrookm6@bandcamp.com,Male,182.148.90.36
800,Tiff,Heijnen,theijnenm7@webs.com,Polygender,221.3.133.165
801,Guenevere,Kneale,gknealem8@creativecommons.org,Female,194.3.47.78
802,D'arcy,Luciano,dlucianom9@disqus.com,Male,88.56.121.73
803,Worthy,Maine,wmainema@godaddy.com,Male,31.39.141.156
804,Avrom,Andino,aandinomb@stanford.edu,Male,174.209.43.113
805,Mickie,Pawling,mpawlingmc@hexun.com,Female,36.133.50.21
806,Ranique,De Mars,rdemarsmd@myspace.com,Female,160.245.66.243
807,Lida,Bradnock,lbradnockme@weather.com,Female,86.110.174.30
808,Dulcie,Falvey,dfalveymf@nymag.com,Polygender,164.102.96.100
809,Giulia,Mogey,gmogeymg@virginia.edu,Female,85.226.63.131
810,Eleanore,Kerwood,ekerwoodmh@webnode.com,Female,94.0.70.234
811,Sybyl,Woodyear,swoodyearmi@alexa.com,Female,146.243.146.232
812,Godiva,Blesing,gblesingmj@guardian.co.uk,Female,129.40.80.164
813,Samson,Peirson,speirsonmk@dagondesign.com,Male,4.225.126.172
814,Mark,Layborn,mlaybornml@twitpic.com,Male,14.109.112.126
815,Nye,Vakhrushin,nvakhrushinmm@unicef.org,Male,21.77.121.168
816,Avram,Pickup,apickupmn@marketwatch.com,Male,26.83.123.102
817,Sawyere,Claessens,sclaessensmo@toplist.cz,Male,132.160.169.241
818,Niki,Perell,nperellmp@smh.com.au,Non-binary,150.221.59.68
819,Marcellus,Quakley,mquakleymq@shop-pro.jp,Male,48.223.18.149
820,Jeana,Ouchterlony,jouchterlonymr@behance.net,Female,114.57.159.125
821,Vikki,Dugget,vduggetms@house.gov,Female,159.206.64.245
822,Salem,Agerskow,sagerskowmt@qq.com,Male,12.166.238.156
823,Welch,Zanussii,wzanussiimu@prnewswire.com,Male,57.213.69.233
824,Adrian,Landall,alandallmv@cam.ac.uk,Male,165.226.69.217
825,Levy,Cowling,lcowlingmw@ehow.com,Male,143.166.234.190
826,Blithe,Haliburton,bhaliburtonmx@google.com.au,Female,171.164.12.28
827,Quentin,Cosser,qcossermy@bloglines.com,Male,132.106.27.199
828,Abran,McRuvie,amcruviemz@google.ca,Male,92.22.8.128
829,Curtice,Yven,cyvenn0@stanford.edu,Male,94.38.246.71
830,Cathie,Kix,ckixn1@elpais.com,Female,158.214.44.154
831,Sylvia,Vasiljevic,svasiljevicn2@house.gov,Female,100.222.173.172
832,Walden,Vignaux,wvignauxn3@feedburner.com,Male,108.37.248.242
833,Fitz,Bleakley,fbleakleyn4@amazon.co.jp,Male,154.186.58.173
834,Justen,Cutts,jcuttsn5@bizjournals.com,Male,140.113.250.145
835,Kathrine,Houselee,khouseleen6@tripadvisor.com,Female,213.111.183.13
836,Stanley,Geekie,sgeekien7@alexa.com,Male,243.242.42.97
837,Lorenzo,Rawlingson,lrawlingsonn8@lulu.com,Male,111.48.175.253
838,Sallyanne,Perch,sperchn9@ebay.com,Female,242.61.91.126
839,Noble,Barr,nbarrna@geocities.jp,Male,82.169.37.139
840,Leda,Fredi,lfredinb@pbs.org,Female,248.239.1.191
841,Sigrid,Larwell,slarwellnc@smugmug.com,Female,149.180.148.41
842,Gram,Kitchenside,gkitchensidend@1688.com,Male,196.39.174.69
843,Cathee,Stentiford,cstentifordne@tamu.edu,Female,89.52.14.69
844,Silvia,Jozefczak,sjozefczaknf@infoseek.co.jp,Female,137.77.78.221
845,Edgar,Heers,eheersng@digg.com,Male,34.76.158.213
846,Evita,Andrejevic,eandrejevicnh@parallels.com,Female,195.180.207.22
847,Guthrey,Brouncker,gbrounckerni@pagesperso-orange.fr,Genderfluid,164.203.216.157
848,Caspar,Braybrook,cbraybrooknj@phpbb.com,Male,243.160.9.210
849,Adara,Servant,aservantnk@usnews.com,Female,177.181.241.2
850,Dorthea,Bessell,dbessellnl@opera.com,Female,183.166.206.223
851,Nanine,Iacomini,niacomininm@china.com.cn,Female,32.161.215.35
852,Oliy,Attkins,oattkinsnn@paypal.com,Female,114.208.180.206
853,Katlin,Klimschak,kklimschakno@bandcamp.com,Female,165.237.233.190
854,Sigismond,Kersley,skersleynp@mail.ru,Male,117.19.252.157
855,Carena,Rickersy,crickersynq@princeton.edu,Female,144.132.171.190
856,Jeane,Noto,jnotonr@flavors.me,Female,112.62.199.62
857,Robenia,Hulbert,rhulbertns@163.com,Female,117.224.236.40
858,Burton,Orgee,borgeent@cornell.edu,Male,219.122.30.42
859,Mabelle,Beagin,mbeaginnu@utexas.edu,Female,183.48.49.100
860,Keefer,Comolli,kcomollinv@wikispaces.com,Male,246.58.132.15
861,Ross,Hibbart,rhibbartnw@bbc.co.uk,Male,199.101.195.240
862,Veriee,Kelsow,vkelsownx@unesco.org,Female,148.124.119.30
863,Cass,Sleney,csleneyny@friendfeed.com,Male,156.21.173.239
864,Lennie,Aleshintsev,laleshintsevnz@psu.edu,Male,192.2.114.16
865,Agneta,Blaik,ablaiko0@nba.com,Female,173.190.22.9
866,Bobette,Camilleri,bcamillerio1@google.ru,Female,197.19.106.192
867,Kathleen,Beeswing,kbeeswingo2@bbc.co.uk,Female,182.5.98.246
868,Broderick,Hellmore,bhellmoreo3@amazon.co.uk,Male,48.110.244.119
869,Henrieta,Fisk,hfisko4@slate.com,Bigender,191.98.57.247
870,Rudie,Vader,rvadero5@cdbaby.com,Male,34.17.249.229
871,Faye,Marcus,fmarcuso6@wikia.com,Non-binary,115.205.31.33
872,Amil,Pryer,apryero7@umich.edu,Female,211.72.57.228
873,Stacia,Sipson,ssipsono8@deliciousdays.com,Female,235.163.52.230
874,Chrissie,MacKellen,cmackelleno9@4shared.com,Male,225.163.223.112
875,Robbie,Cranna,rcrannaoa@g.co,Female,144.69.119.254
876,Letty,Whapples,lwhapplesob@homestead.com,Female,12.203.202.82
877,Selie,Marmyon,smarmyonoc@gnu.org,Female,46.135.55.121
878,Fallon,Fintoph,ffintophod@youtube.com,Female,74.8.212.110
879,Nadia,Hair,nhairoe@japanpost.jp,Female,103.37.29.123
880,Brook,Prangle,bprangleof@cafepress.com,Female,180.40.77.180
881,Ryan,Vogeler,rvogelerog@unesco.org,Male,117.108.68.214
882,Jilli,Blaise,jblaiseoh@time.com,Female,47.215.23.39
883,Sonnnie,Annott,sannottoi@google.com,Female,134.200.200.247
884,Webster,Pennyman,wpennymanoj@businesswire.com,Male,21.235.158.93
885,Lynda,Gage,lgageok@123-reg.co.uk,Female,94.5.119.86
886,Donn,Downing,ddowningol@sbwire.com,Male,101.124.104.175
887,Melisa,Vairow,mvairowom@mapy.cz,Female,251.56.122.238
888,Geoff,Westrip,gwestripon@java.com,Male,52.229.136.204
889,Herschel,Ferrar,hferraroo@telegraph.co.uk,Male,34.206.33.72
890,Haydon,Sheard,hsheardop@weebly.com,Male,196.213.111.2
891,Lorelle,Linstead,llinsteadoq@pinterest.com,Female,114.101.171.23
892,Marshal,Zoane,mzoaneor@hatena.ne.jp,Male,190.36.245.143
893,Hubie,Ewbanck,hewbanckos@marketwatch.com,Male,158.222.202.173
894,Merill,Tolmie,mtolmieot@craigslist.org,Polygender,213.248.89.12
895,Hayes,Cavendish,hcavendishou@mlb.com,Male,102.63.82.100
896,Seumas,Legging,sleggingov@google.ru,Male,57.36.96.196
897,Neils,McNeill,nmcneillow@reference.com,Male,168.163.204.86
898,Garry,Nuth,gnuthox@fastcompany.com,Male,152.228.35.29
899,Gardner,Towers,gtowersoy@java.com,Male,28.218.25.77
900,Urban,Barzen,ubarzenoz@gravatar.com,Male,153.204.229.170
901,Zondra,Minchi,zminchip0@xing.com,Female,10.178.247.17
902,Sauncho,Lodevick,slodevickp1@who.int,Male,145.160.14.219
903,Fleur,Rain,frainp2@paypal.com,Female,207.49.179.138
904,Julieta,Bullant,jbullantp3@netvibes.com,Female,134.184.69.163
905,Vinni,Westcar,vwestcarp4@weather.com,Female,182.75.105.249
906,Marline,Sydes,msydesp5@geocities.jp,Female,111.63.52.242
907,Siusan,Vernham,svernhamp6@smugmug.com,Female,24.194.249.131
908,Zilvia,Somerbell,zsomerbellp7@netscape.com,Female,117.58.44.186
909,Kirstin,Leven,klevenp8@senate.gov,Female,178.22.188.36
910,Amelina,Bocken,abockenp9@senate.gov,Female,171.197.64.121
911,Boyd,Moyce,bmoycepa@cmu.edu,Male,184.180.192.252
912,Marinna,Morrall,mmorrallpb@discovery.com,Female,188.156.176.244
913,Geneva,Butteris,gbutterispc@seesaa.net,Female,138.48.84.233
914,Maximo,Courson,mcoursonpd@unesco.org,Male,93.238.70.136
915,Aleece,Crichmere,acrichmerepe@mashable.com,Female,189.29.162.243
916,Laura,Crapper,lcrapperpf@addtoany.com,Female,106.131.13.101
917,Winifred,Ashdown,washdownpg@sina.com.cn,Female,181.150.46.108
918,Jemima,Bittlestone,jbittlestoneph@phoca.cz,Female,221.106.66.236
919,Clarine,Ewert,cewertpi@dmoz.org,Female,10.137.208.186
920,Marieann,Mattielli,mmattiellipj@bbc.co.uk,Female,62.68.192.205
921,Chrystel,Farress,cfarresspk@liveinternet.ru,Female,148.81.30.237
922,Kermit,Tejada,ktejadapl@biglobe.ne.jp,Male,75.149.13.12
923,Korrie,Snepp,ksnepppm@google.co.uk,Female,87.85.202.6
924,Aharon,Vlasin,avlasinpn@posterous.com,Male,180.19.94.144
925,Bess,Mingaud,bmingaudpo@etsy.com,Genderqueer,247.63.77.235
926,Myriam,Castaneda,mcastanedapp@tumblr.com,Female,179.128.4.65
927,Troy,Hoggan,thogganpq@wordpress.com,Male,110.135.160.70
928,Armstrong,McClaughlin,amcclaughlinpr@alibaba.com,Male,141.183.118.137
929,Willyt,Eastcott,weastcottps@harvard.edu,Agender,250.98.212.223
930,Kenyon,Ritchard,kritchardpt@1688.com,Male,127.189.230.170
931,Heather,Hise,hhisepu@geocities.com,Female,47.253.109.66
932,Nolie,Boshier,nboshierpv@imageshack.us,Genderfluid,187.203.63.150
933,Farrell,Hayden,fhaydenpw@google.com.br,Polygender,69.1.37.81
934,Brier,Crookston,bcrookstonpx@plala.or.jp,Female,75.34.31.117
935,Killie,Goldine,kgoldinepy@vistaprint.com,Bigender,91.188.12.230
936,Claire,Wingfield,cwingfieldpz@macromedia.com,Male,151.51.161.151
937,Brianna,Jaffrey,bjaffreyq0@sun.com,Female,71.135.87.175
938,Darb,Gorhardt,dgorhardtq1@123-reg.co.uk,Male,254.43.145.164
939,Otha,Dabrowski,odabrowskiq2@github.com,Female,44.185.14.40
940,Cristina,Pessold,cpessoldq3@un.org,Female,100.73.91.213
941,Myra,Klassman,mklassmanq4@networkadvertising.org,Female,228.29.91.24
942,Nari,Olufsen,nolufsenq5@biglobe.ne.jp,Female,234.153.248.170
943,Manuel,Popple,mpoppleq6@mapy.cz,Male,79.224.22.247
944,Ron,Richold,rricholdq7@wordpress.org,Male,169.121.15.218
945,Immanuel,Bernardotte,ibernardotteq8@51.la,Male,105.193.182.153
946,Dun,Dimberline,ddimberlineq9@photobucket.com,Male,27.12.181.129
947,Grata,Wrightam,gwrightamqa@whitehouse.gov,Non-binary,111.216.186.94
948,Jeffry,Grasser,jgrasserqb@upenn.edu,Male,18.196.87.77
949,Montgomery,Cotter,mcotterqc@mayoclinic.com,Male,193.216.155.70
950,Pammi,Tuxill,ptuxillqd@umich.edu,Female,44.17.74.211
951,Mahmoud,Clardge,mclardgeqe@newsvine.com,Male,139.221.124.56
952,Melvyn,Scutts,mscuttsqf@blogspot.com,Male,245.63.108.137
953,Alain,Scruton,ascrutonqg@chicagotribune.com,Male,186.55.4.187
954,Marylee,Parrington,mparringtonqh@zdnet.com,Female,98.116.33.210
955,Timmi,Shakshaft,tshakshaftqi@narod.ru,Female,213.146.70.158
956,Diannne,Noades,dnoadesqj@qq.com,Female,88.75.65.92
957,Putnem,Grainger,pgraingerqk@homestead.com,Male,150.227.162.127
958,Dollie,Tredger,dtredgerql@storify.com,Genderqueer,63.177.249.113
959,Shayne,Clemenson,sclemensonqm@imdb.com,Female,239.195.124.169
960,Anne-corinne,Belcham,abelchamqn@state.tx.us,Bigender,154.55.245.169
961,Mill,Gloyens,mgloyensqo@twitpic.com,Male,158.253.105.208
962,Rhodie,Chittenden,rchittendenqp@instagram.com,Female,181.83.49.91
963,Jeddy,Duesberry,jduesberryqq@so-net.ne.jp,Male,77.228.149.141
964,Francoise,Pester,fpesterqr@wisc.edu,Female,79.156.168.163
965,Wildon,Wholesworth,wwholesworthqs@timesonline.co.uk,Male,83.11.228.245
966,Jacquenette,Mawman,jmawmanqt@ed.gov,Female,157.32.163.117
967,Nester,Zima,nzimaqu@flavors.me,Male,65.19.205.98
968,Welch,Gossan,wgossanqv@tmall.com,Male,190.170.104.152
969,Stanleigh,Tzuker,stzukerqw@hp.com,Male,218.133.193.191
970,Pernell,Stokey,pstokeyqx@soundcloud.com,Male,216.99.183.127
971,Lock,Parsisson,lparsissonqy@smh.com.au,Polygender,35.109.20.143
972,Kasey,Wolledge,kwolledgeqz@ftc.gov,Female,39.28.237.213
973,Korrie,Beers,kbeersr0@chicagotribune.com,Polygender,46.47.34.18
974,Sonia,Peeter,speeterr1@wix.com,Female,185.249.78.150
975,Shea,Scales,sscalesr2@google.ca,Male,228.38.88.81
976,Alexandr,Paddle,apaddler3@eventbrite.com,Male,237.223.236.175
977,Geralda,Dabinett,gdabinettr4@timesonline.co.uk,Female,206.97.115.85
978,Garner,Zienkiewicz,gzienkiewiczr5@ftc.gov,Male,153.184.72.230
979,Emmalynne,Crielly,ecriellyr6@odnoklassniki.ru,Female,178.74.162.70
980,Hugibert,Cardenas,hcardenasr7@com.com,Male,145.84.218.71
981,Agata,Ridout,aridoutr8@oakley.com,Female,7.95.57.82
982,Rois,Jewett,rjewettr9@va.gov,Female,106.239.148.3
983,Pryce,De Marchi,pdemarchira@twitter.com,Male,165.14.74.189
984,Killy,Stivani,kstivanirb@usnews.com,Male,24.198.185.47
985,Tucky,McBeith,tmcbeithrc@de.vu,Male,180.98.42.164
986,Findley,Lethbrig,flethbrigrd@yahoo.co.jp,Male,207.77.245.243
987,Mirelle,Longworth,mlongworthre@over-blog.com,Female,107.198.9.149
988,Lucy,Cornes,lcornesrf@163.com,Female,97.83.63.86
989,Brittni,Whitlaw,bwhitlawrg@wp.com,Female,216.101.155.170
990,Odell,Spadollini,ospadollinirh@booking.com,Male,89.91.22.114
991,Willie,Labon,wlabonri@friendfeed.com,Male,166.84.10.68
992,Ewan,Stealfox,estealfoxrj@cyberchimps.com,Male,115.177.165.13
993,Hally,Kidstoun,hkidstounrk@cornell.edu,Female,1.210.87.183
994,Stanwood,Jowsey,sjowseyrl@pen.io,Male,207.223.143.88
995,Damaris,Crichton,dcrichtonrm@psu.edu,Female,61.229.41.106
996,Melany,Deluze,mdeluzern@omniture.com,Female,53.221.16.74
997,Francoise,Lloyd-Williams,flloydwilliamsro@earthlink.net,Female,94.56.149.216
998,Rachel,Benda,rbendarp@comcast.net,Female,55.221.210.108
999,Eleanore,Belli,ebellirq@simplemachines.org,Female,229.44.151.21
1000,Roi,Aslott,raslottrr@go.com,Male,238.158.16.155
